<?xml version="1.0" encoding="UTF-8"?>
<project-private xmlns="http://www.netbeans.org/ns/project-private/1">
    <editor-bookmarks xmlns="http://www.netbeans.org/ns/editor-bookmarks/2" lastBookmarkId="0"/>
    <open-files xmlns="http://www.netbeans.org/ns/projectui-open-files/2">
        <group>
            <file>file:/C:/Users/ilckom/Documents/NetBeansProjects/GUI/src/gui/ExamplrLabel_extends_Jframe.java</file>
            <file>file:/C:/Users/ilckom/Documents/NetBeansProjects/GUI/src/gui/ExampleButton_extend_JFrame.java</file>
            <file>file:/C:/Users/ilckom/Documents/NetBeansProjects/GUI/src/gui/ExampleJCombobox_extend_JFrame.java</file>
            <file>file:/C:/Users/ilckom/Documents/NetBeansProjects/GUI/src/gui/ExampleJFrame.java</file>
            <file>file:/C:/Users/ilckom/Documents/NetBeansProjects/GUI/src/gui/ExampleTextField_extend_JFrame.java</file>
        </group>
    </open-files>
</project-private>
